170120101,法学,後期　木曜日　5時限,萩原　俊介,１年次 ,選択 ,2 ,健康ﾒﾃﾞｨｶﾙ学部　理学療法学科　2012年-2019年入学生 ,"将来医療従事者となる者に必要な法律の知識と考え方を身につけるようにする。特に医療に関する法律を中心に、現行の医療制度の内容や欠点、医療事故に関する裁判例を正確に理解し医療従事者としての仕事に生かせるようにする。
また、法律問題の解決のあり方を通じて、法的センス（リーガルマインド）を身につけること。 ","授業では広く「医療に関する法制度」をとりあげる。具体的には、①医療制度・医療従事者　②終末期医療③医療事故を柱として、医療従事者のための教科書をもとに講義を進めていく。
また　適宜テーマに関連したビデオ教材を視聴することにより法律問題に対する正確な理解を身につけられるようにしたい。 ","初めて法律を学ぶ人を対象とします。

人間社会と法　法学概論　　憲法 ","医事法入門　第４版　手嶋豊
有斐閣 ",「コ・メディカルのための医事法学概論」野崎和義著　ミネルヴア書房　　 ,"定期試験の結果で評価する(６０％)。
中間での小テストあるいはレポートを求めた場合(
６回、８回、１０回）それらを総合評価する（４０％） ","第1回　医療従事者が法を学ぶ意義・講義の説明



第2回　医療と法



第3回　患者の権利



第4回　医療従事者・医療制度



第5回　医療における刑法上の問題



第6回　安楽死・尊厳死（ビデオ鑑賞）



第7回　臓器移植・脳死



第8回　再生医療・生殖医療



第9回　医療における民法上の問題



第10回　医師の説明義務



第11回　医療過誤



第12回　医療訴訟



第13回　医療安全



第14回　薬事制度・薬物犯罪



第15回　総まとめ "
136113101,経営・経済法,後期　火曜日　4時限,小野　章,１年次 ,選択 ,2 ,健康ﾒﾃﾞｨｶﾙ学部　理学療法学科　2012年-2019年入学生 ,"企業の自由競争が保証されている資本主義経済の下、多くの企業が社会ルールに則って経済活動を行っているが、市場において公正な競争が阻害されることがないように市場が市場原理の下、公平に機能しているかを監督・チェック・是正する「独占禁止法」を中心とした「経済法」の創設経緯・必要性・基本を学んでもらい、経済法の全体像を把握して貰うと同時に、経営とは何かを学んで貰う。
また「消費者法」を通じて企業と社会（消費者）の公正な関係はどうあるべきか、企業の社会的責任とは何かを理解して貰う。
社会で活躍するのに必要な企業・企業経営・経済法・消費者法に関わる基礎知識が身に付く。 ",経済法の根幹を成す独占禁止法、特に主要な規制である「私的独占」、「不当な取引制限、カルテル・談合」、「不公正な取引」、「景表法」、「下請法」、「企業結合の規制」、政府による「規制・規制分野」、さらには最近整備強化されている「消費者法」などを中心にその成立の背景・過程、そして規制の内容等を違反事例を通して学ぶ、また企業とそのその存立基盤である社会との関係に付いても併せて学ぶ。 ,"経済法を中心に企業・経営に関する基礎知識をも幅広く学んでもらう基礎入門編である。難解な専門用語・経済用語・事例等の解説を通じて社会人として必要な基礎的な経済関連の知識の取得も併せて目指す、経営、経済法全般の基礎入門編である。
経済紙、ビジネス誌等の関連すると思われる記事を興味を持って読んでおくこと。 ","レジメを毎回配布する、また併せて関連新聞記事等を適宜配布しながら社会で起きている事例を参考に授業を進める。
講義中に必要に応じて必要な参考書、文献等を紹介する。 ","不要です、
新聞、経済誌等の最新関連記事等に目を通すように心がけること。 ",定期試験の成績６０～７０％、講義４～５回に一回の割合で行う理解度チェックの論述小テスト（授業内実施）３０～４０％、平常点（授業への取り組み姿勢）を加味して総合評価する。 ,"第1回「ガイダンス」授業の目標、内容、進め方、受け方、評価方法を説明する
「経済法とは」

第2回「企業とは、企業を経営するとは、企業倫理とは、企業の法令遵守とは」


第3回「企業と社会の関係は、企業の社会的責任とは、経済法が必要な理由とは」


第4回「独占禁止法とは、制定の目的・歴史的経緯とは」


第5回「不公正な取引、Ⅰ、Ⅱ（私的独占とは、不当な取引制限とは）」


第6回「不公正な取引、Ⅲ（不公正な取引方法とは、優越的地位の濫用とは）」


第7回「企業結合の規制とは、事業者団体の規制とは、課徴金制度とは」


第8回「下請法（下請代金支払遅延防止法）とは」


第9回「景品表示法（不当景品類及び不当表示防止法）とは」


第10回「独占禁止法と政府の規制・規制分野の関係は、知的財産権との関係は」


第11回「消費者法　Ⅰ、制定の目的、歴史的背景とは」


第12回「消費者法　Ⅱ、個人情報保護法、その他関連法令・制度とは」


第13回「国際取引における規制とは、外為法と貿易管理とは」


第14回「変わりゆく企業統治、企業の法令順守体制、監査体制とは」


第15回「まとめ」
講義全般でのキーワード・課題の理解度確認、振返り


＊授業の進捗状況によっては上記講義の内容・順序が変更となる可能性がある、 "
156105201,障害福祉,後期　木曜日　4時限,齋藤　知子,１年次 ,選択 ,2 ,健康ﾒﾃﾞｨｶﾙ学部　理学療法学科　2012年-2019年入学生 ,"＜授業のねらい＞
障害のある人の生活実態と、障害のある人を取り巻く社会情勢について理解する。そのために障害者基本法や障害者総合支援法などの法律を軸としながら、現在の障害者福祉制度への理解を深める。

＜到達目標＞
障害のある人が置かれている状況を理解し、よりよい社会のあり方について考察する力を身につける。 ",障害の概念や障害をもつ人の生活実態と、現在の障害者福祉制度を照らし合わせながら、障害をもつ人の実態を理解する。それらを学んだ上で、受講者一人ひとりがよりよい社会のあり方を考察する。出来る限り、理解しやすいように映像なども用いるので、自らも関心を深めること。 ,"＜レベル＞
障害福祉の基礎的な内容を中心とする。

＜関連科目＞
社会福祉、現代社会と福祉 ",講義時に紹介する。その他、レジュメについては、毎時間の授業で配布される資料を各自が保管、管理すること。 ,その都度、関連の参考文献などについて紹介する。 ,定期試験70%、リアクションペーパー30%（授業毎）とし、総合して評価する。 ,"【第1回】オリエンテーション
（授業の目的と内容、授業の進め方）

【第2回】障害観
（歴史的な「障害者」の見方）

【第3回】障害とは
（障害とは何か（ICIDHとICF））

【第4回】障害をもつ人の生活
（障害者の生活実態）

【第5回】ノーマライゼーション
（ノーマライゼーションの理念）

【第6回】障害者総合支援法
（障害者総合支援法の概要）

【第7回】障害者基本法　/　身体障害とは
（障害者基本法の概要／身体障害について・身体障害者関連法）

【第8回】身体障害とは
（身体障害について・身体障害者関連法）

【第9回】知的障害とは
（知的障害について・知的障害者関連法）

【第10回】精神障害とは
（精神障害について・精神障害者関連法）

【第11回】発達障害とは
（発達障害について・発達障害者関連法）

【第12回】障害児の教育
（障害児を取り巻く教育制度について）

【第13回】障害者に関するその他の法律
（雇用制度・虐待防止・差別禁止等）

【第14回】障害者に関するその他の法律
（成年後見制度・医療観察等）

【第15回】総括
（よりよい社会に向けて）
 "
137303103,発達心理学,後期　金曜日　1時限,荘島　幸子,１年次 ,選択 ,2 ,健康ﾒﾃﾞｨｶﾙ学部　理学療法学科　2012年-2019年入学生 ,"【授業のねらい】
人は一生を通じて、成長あるいは老化という過程の中で、発達していく。そして、各年代において、それぞれの発達課題があり、それにむかって行く中で、獲得されるものもあれば、消えていくものもある。それは、心の発達もあれば、身体的な発達もある。それらは、また、人が外界の刺激をどうとらえ、どう関わっていこうとしているかを見ていくことでもある。授業では、各年代の心理的な特徴を学ぶことによって、人の一生を通じた発達の全体像を掴んでいく。

【到達目標】
乳児期、幼児期、児童期、青年期、成人期、老年期などの各年代の心理的課題、特徴や身体的特徴を理解し、説明ができる。発達心理学における著名な概念や理論について説明ができる。 ",スライドによるプレゼンテーション形式で講義します。適宜、グループワークを取り入れ、ディスカッションを行います。 ,前提知識は特に必要としません。心理学、保育、教育に関する科目と関連します。 ,"無藤 隆・佐久間 治彦（編）「発達心理学」学文社、2008年
1700円（税別） ",必要に応じて資料を配布します。 ,定期試験90％、授業に取り組む態度10％として評価します。 ,"第1回
オリエンテーション
授業の進め方、評価方法などについて説明する。

第2回
胎児期～誕生新生児期の発達について理解する


第3回
新生児期の発達について理解する


第4回
乳幼児期の発達（乳幼児期前半）について理解する


第5回
乳幼児期の発達（乳幼児期後半）について理解する


第6回
発達障害、児童虐待について理解する


第7回
児童期の発達について理解する


第8回
思春期の発達について理解する


第9回
学校での問題行動について理解する


第10回
青年期の発達について理解する


第11回
青年期の発達に関してグループワークを行う


第12回
成人期の発達について理解する


第13回
中年期の発達について理解する


第14回
老年期の発達について理解する


第15回
まとめ "
172636101,リハビリテーション工学,後期　金曜日　4時限,"徳田　良英
飯田　修平
黒田　生子
阪井　康友
田代　千惠美
樋口　正勝",２年次 ,選択 ,2 ,健康ﾒﾃﾞｨｶﾙ学部　理学療法学科　2012年-2019年入学生 ,"【授業のねらい】
理学療法学、作業療法学、言語聴覚学を専攻する2年生以上を対象に、リハビリテーション医療従事者をめざす学生向けの教養としてのリハビリテーション工学を学習します。工学的なものの考え方、計測機器、車いす、補聴器・人工内耳などの概要、リハビリテーション工学の臨床応用例について解説します。
【到達目標】
リハビリテーションに関係する工学技術に興味を持ち、その原理や応用例などについて理解し説明できる。 ",工学的なものの考え方では統計学、力学、環境工学、工程管理、安全工学の概要を学びます。計測機器は、筋電計、床反力計などを取り上げ、原理を学びます。車いす、補聴器・人工内耳について詳しく学びます。リハビリテーション工学の臨床応用例について経験豊かな教員から学びます。 ,"工学の教養科目で、簡単な計算をしてもらうことがあります。
関連する科目は、リハビリテーション概論や各学科の専門科目のうち、運動と行動、日常生活活動技術学、義肢装具学、生活環境学などが挙げられます。 ","徳田良英著：教養の工学、DTP出版(ISBN978-4-86211-547-8)
(定価3,000円＋税） ","千野直一、安藤徳彦編集主幹：リハビリテーションMOOK15　リハビリテーション工学と福祉機器、金原出版(ISBN4-307-75015-2)
日本生活援助工学会、日本リハビリテーション工学協会：生活援助工学概論、コロナ社(ISBN978-4-339-07235-8)
日本車椅子シーティング協会編：車いす・シーティングの理論と実際、はる書房(ISBN978-4-89984-138-8) ",授業内の課題（小テスト）で評定する。 ,"【第1回】オリエンテーション　リハビリテーションと工学（担当　徳田）
リハビリテーション工学の概要について解説します。冒頭に、講義全体のオリエンテーションをします。
事前学習：シラバスを熟読しておくこと。テキストp1～p18を読んでおくこと。
事後学習：授業について振り返りを行うこと。

【第2回】工学的な考え方１　人体寸法からみた設計の考え方（担当　徳田）
平均・標準偏差、設計基準で用いられる3σ法、パーセントタイル値などを学びます。
事前学習：テキストp19～p31を読んでおくこと。
事後学習：テキストp32課題を行うこと。

【第3回】工学的な考え方２　材料力学の概要（担当　徳田）
力とベクトル、力のつり合い条件などを学びます。
事前学習：テキストp33～p45を読んでおくこと。
事後学習：テキストp46課題を行うこと。

【第4回】工学的な考え方３　材料力学の概要（担当　徳田）
応力とは、材料の特性と応力度ひずみ曲線、部材の組み合わせ方などを学びます。
事前学習：テキストp47～p61を読んでおくこと。
事後学習：テキストP62課題を行うこと。

【第5回】工学的な考え方４　リハビリテーション工学と計測機器（担当　徳田）
筋電計、床反力計の計測原理などを学びます。
事前課題：テキストp115～p126を読んでおくこと。
事後課題：テキストp126課題を行うこと。

【第6回】リハビリテーション工学の臨床応用１（担当　樋口）
体圧分布計測の基礎研究と臨床応用について学びます。
事前課題：必要に応じて事前課題を連絡します。
事後課題：必要に応じて事後課題を連絡します。

【第7回】工学的な考え方５　建築環境工学の概要（担当　徳田）
空気環境、熱環境、音環境などを学びます。
事前課題：テキストｐ63～p81を読んでおくこと。
事後課題：テキストｐ82課題を行うこと。

【第8回】リハビリテーション工学の臨床応用２（担当　黒田）
聴覚障害者のリハビリテーションと補聴器・人工内耳について学びます。
①聴覚器官の構造と聴覚伝導路、②障害部位の相違による聴覚障害の種別と適応となる補聴機器の相違、③補聴器と人工内耳の概要
事前課題：manabaで講義のレジュメを事前に配布するので、目を通しておくこと。
事後課題：授業中のメモ等の記録が加筆されたレジュメを使用して復習すること。

【第9回】工学的な考え方６（担当　徳田）
工程管理（デミングサイクル、クリティカルパスなど）について学びます。
工学的な安全性と信頼性について学びます。
事前課題：テキストp83～p91を読んでおくこと。テキストｐ93～p104を読んでおくこと。
事後課題：テキストｐ92課題を行うこと。テキストp104課題を行うこと。

【第10回】工学的な考え方７（担当　徳田）
車いすとJIS規格、ISOについて学びます。
事前課題：テキストp105～p113を読んでおくこと。
事後課題：テキストp113課題を行うこと。

【第11回】ライフサイクルコスト（担当　徳田）
役目を終えた福祉機器はいずれはごみになります。リサイクルやリユースの観点から
リハ工学を学びます。
事前学習：テキストp127～p133を読んでおくこと。
事後課題：テキストp133課題を行うこと。

【第12回】リハビリテーション工学の臨床応用３（担当　田代）
こどものリハビリテーションと工学技術について学びます。
①こどもの座位姿勢にすることの意義について、②代表的な座位保持装置のタイプとそれぞれの特徴、③座位保持装置を使用する対象児、使用場所等
事前学習：座位姿勢、座位保持装置、日常生活での座位時間について調べておくこと。
事後学習：配布資料を読み、講義ノートを整理すること。

【第13回】リハビリテーション工学の臨床応用４（担当　阪井）
最近のリハビリテーション工学の臨床応用の紹介について学びます。
事前学習：「コミュニケーションエイド」「モジュール型車椅子」「バリアフリー・ユニバーサルデザイン」「まちづくりとデザイン」「障害者スポーツにおかるデバイスや車椅子など」のキーワードでWeb上の公開情報を確認する。
事後学習：「バリアフリー・ユニバーサルデザイン」「まちづくりとデザイン」における概念と応用にうちて確認する。「コミュニケーションエイド」「障害者スポーツにおけるデバイスとモジュール型車椅子」などの新しい製品や開発動向について調べる。

【第14回】リハビリテーション工学の臨床応用５（担当　飯田）
ニューロリハビリテーションとロボットについて学びます。歩行用ロボット、麻痺促通ロボット、上肢ロボット、介助ロボットについて紹介します。
事前学習:リハビリテーション現場で使用されているロボットについて調べてきて下さい。
事後学習:配布資料を確認し、講義ノートに整理してください。

【第15回】　まとめ（担当　徳田）
講義全体のまとめをし、小テストを行いフィードバックします。
これからのリハビリテーション工学の展望を述べます。
事前学習：これまでの授業を振り返り、ノートなどにまとめる。疑問点があれば質問できるように準備する。
事後学習：授業について振り返りを行うこと。　 "
156202101,公的扶助,前期　月曜日　3時限,池谷　秀登,２年次 ,選択 ,2 ,健康ﾒﾃﾞｨｶﾙ学部　理学療法学科　2012年-2019年入学生 ,"【授業のねらい】

・低所得階層の生活実態とこれを取り巻く社会情勢、福祉需要とその実際について理解する
・日本国憲法第25条の生存権を具現化する生活保護制度や関連制度を理解する
・「子どもの貧困」問題や自立支援の意義とその実際について理解する

【到達目標】

・貧困問題を起点として展開してきた社会保障、社会福祉制度と現代社会が生み出す貧困、低所得問題に対する理解を深め、制度としての生活保護について基礎知識を身につける ","【主な学習内容】
・公的扶助の概念
・公的扶助制度の歴史
・生活保護制度の仕組み
・生活保護の動向
・生活保護における自立とその支援

理論や制度だけでなく、映像や実践例なども取り入れて、授業をすすめていく ","【授業内容のレベル】

社会福祉を専門としない学生にも理解できるレベルとする

【関連科目】

社会保障等と関連している ","テキスト:初回授業のオリエンテーションで指示する
 ",参考書等:必要な文献等は授業の中で指示する。 ,定期試験の成績を60％、平常点を40％（授業への参加意欲など）とし総合的に評価する ,"【第1回】　オリエンテーション
授業の進め方、テキスト、参考文献について
貧困について考える

【第2回】　公的扶助の概念

【第3回】　貧困・低所得者問題と社会的排除

【第4回】　公的扶助制度の歴史(1)海外を中心に

【第5回】　公的扶助制度の歴史(2)日本を中心に

【第6回】　生活保護制度の仕組み(1)生活保護の原理（目的を中心に）

【第7回】　生活保護制度の仕組み(2)生活保護の原理（補足性を中心に）

【第8回】　生活保護制度の仕組み(3)生活保護の原則

【第9回】　生活保護制度の実施体制

【第10回】　生活保護の動向

【第11回】　低所得対策

【第12回】　生活保護受給者・低所得者に対する相談援助活動

【第13回】　生活保護における自立支援

【第14回】　生活保護の動向と課題

【第15回】　まとめ "
137047101,異文化コミュニケーション,後期　火曜日　3時限,山下　晋司,１年次 ,選択 ,2 ,健康ﾒﾃﾞｨｶﾙ学部　理学療法学科　2012年-2019年入学生 ,異文化コミュニケーションについて、観光の視点から考える。主にインドネシア・バリの事例を通して、観光と文化、観光客（ゲスト）と観光客を受け入れる社会（ホスト）の関係などを検討する。これを通して、幅広い教養を身につけ、社会人として異文化コミュニケーション能力を持つことができるようにする。 ,受講者は講義テーマに関連したビデオを見、解説を聞き、キーワードを理解する。ディスカッションでは学んだことについて意見を述べ、リアクションカードを書き、提出する。提出されたリアクションカードに対しては授業中にコメントする。 ,教養科目レベル。先修科目、準備学習はとくに必要としない。 ,なし ,山下晋司『バリ　観光人類学のレッスン』（東京大学出版会、1999年） ,平常点（質疑応答・授業貢献度15％）、リアクションカード（３回15％）、試験（70％） ,"第1回　イントロダクション：授業の進め方



第2回　異文化コミュニケーションとしての観光



第3回　観光の誕生と展開



第4回　ディスカッション１（リアクションカード１提出）



第5回　バリ観光入門：クタ街歩き



第6回　つくられた楽園：W.シュピースと「伝統の創造」



第7回　文化観光という戦略：観光文化と観光芸能



第8回　世界遺産としての「バリの文化的景観」



第9回　バリ観光のなかの日本人：花嫁は神々の島をめざす



第10回　ディスカッション２ （リアクションカード２提出）



第11回　インドネシア・トラジャの死者祭宴



第12回　パプアニューギニア・セピック川流域のカンニバル・ツアーズ



第13回　外国人の日本観光



第14回　ディスカッション３（リアクションカード３提出）



第15回　まとめ "
172310102,人体の構造Ⅰ,前期　月曜日　3時限,展　広智,１年次 ,必修 ,2 ,健康ﾒﾃﾞｨｶﾙ学部　理学療法学科　2012年-2019年入学生 ,"授業のねらい：人体の正常な構造について，細胞・組織から器官・器官系・個体レベルまでの基本知識の習得し、身体の成り立ち（発生学、解剖学）について系統的に学習します。人の体を形態的立場から理解に努め、形態と機能（生理学）が互いに切り離せない学問であることを学びます。
到達目標：各単元に提示されるキーワード（器官名、器官内の構造物の名称）について細胞学、組織学レベルからその概要の説明ができ、最終的に正常な人体の構造を形態学的立場から説明できるようになることです。 ",解剖学総論、細胞・組織・発生学、運動器系（骨、靭帯、関節、筋肉）、末梢神経系の構造などについて必須知識を習得します。 ,基本的事項から臨床医療の基礎となる知識を習得するまでのレベルです。また高い問題解決能力を身につけ養うレベルの授業とします。人体の構造学は人体の機能学と密接な関連があります。また運動学、整形外科学、リハビリテーション学などの基礎知識もとして大変重要であります。 ,"解剖学ー標準理学療法・作業療法学基礎分野― 野村監修 医学書院
基礎から学ぶ 解剖学ノート 第2版 中島雅美著　医歯薬出版 ",①グレイ解剖学アトラス 原著第2版 電子書籍（日本語版）付　Richard L. Drakeら著／塩田 浩平ら訳、Elsevier ）②プロメテウス解剖学 コア アトラス第2版　監訳：坂井　建雄　訳：市村　浩一郎／澤井　直　医学書院③ネッター解剖学 セット版(電子書籍付)アトラス・別冊学習の手引き原書第6版、 F.H.Netter著/相磯貞和訳　南江堂 ,定期試験の成績８０％、授業内試験、、レポートなど２０％とし、総合して評価します。 ,"第1回［オリエンテーション・解剖学総論］
1.授業の進め方、テキスト、参考書、自主教材の利用の仕方、レポート作成方法、授業中小テストについて説明を行います。
2.講義：人体の構造学で学ぶ用語の定義、人体の区分、用語の命名法など解剖学を学ぶために必要な事柄について理解します。
第2回[細胞・組織学・発生学]
生物としての最小単位である細胞とその内部構成要素を学び、人体を構成する４大組織（上皮組織、筋組織、結合組織、神経組織）を学びます。また、人体の構造から機能を類推し機能と形態との相互関係を考察することを学びます。４大組織の復習と胚子（受精と着床、３層性胚盤）の発生、器官系（神経系、運動器系、消化呼吸器系、循環器系、尿生殖器系、感覚器系、内分泌系）の発生、鰓弓の発生、胎児の発生、出生後の発育などについて学び、ヒトの体の成り立ちを組織発生学的に学びます。
第3回[運動器学1：骨学・靭帯学総論]
運動器学では骨・骨の連結・筋を中心に支配神経、栄養血管との関わりを念頭において学習します。総論では骨の構造、発生、再構築の仕組みについて学び、また骨の連結様式について理解していきます。
第4回[運動器学２：筋学・関節の構造と機能]
狭義の関節（滑膜性の連結）の構造と機能を学び、骨・関節を動かす骨格筋の構造と作用、支配神経や栄養血管とのの関わり、筋の命名法などについて学びます。
第5回[運動器学３：頭蓋の骨と連結]
頭の骨格である頭蓋を構成する個々の骨について形態学的に学ぶと共に、骨表面に付着する筋、孔や溝を通る構造物の名称などについ学びます。頭蓋骨同士の連結では関節構成骨ならびに補強要素や運動機能も含めて理解します。
第6回[運動器学４：脊柱の骨・胸郭の骨と連結]
脊柱を構成する椎骨、胸郭を構成する肋骨、胸骨、胸椎を学びます。また骨表面に付着する筋、孔や溝を通る構造物の名称なども併せて学びます。脊柱や胸郭の連結では関節の構成骨ならびに補強要素や運動機能を含めて理解します。
第7回[運動器学５：体幹の筋]
体幹の筋は、頭部、頸部、胸部、腹部、背部の筋とその作用、支配神経、栄養血管について学びます。また骨表面に付着する筋、孔や溝を通る構造物の名称なども学びます。
第8回[運動器学６：上肢の骨]
上肢の構成骨（上肢帯の骨と自由上肢の骨）について形態学的に学ぶと共に骨表面に付着する筋、孔や溝を通る構造物の名称なども学びます。臨床とのかかわりにおいては骨の触知法や骨の病気について学びます。
第9回[運動器学７：上肢の連結]
上肢の骨同士の連結、上肢と体幹との連結を学びます。各関節の構成骨ならびに補強要素や運動機能を含めて理解します。
第10回[運器学８：上肢の筋]
上肢帯と自由上肢の筋について、各筋の形態ならびに、骨への付着（起始・停止）部位、支配神経、栄養血管等を総合的に理解します。また上肢帯ならびに自由上肢の運動の相互関係についても理解を深めます。
第11回[運動器学９：下肢の骨]
下肢の構成骨（下肢帯の骨と自由下肢の骨）について形態学的に学ぶと共に骨表面に付着する筋、孔や溝を通る構造物の名称なども学びます。臨床とのかかわりにおいては骨の触知法や骨の病気について学びます。
第12回[運動器学10：下肢の連結]
下肢の骨同士の連結、下肢と体幹の骨との連結について、各関節の構成骨および補強要素等について運動機能も含めて理解します。
第13回[運動器学12：下肢の筋]
下肢帯と自由下肢の筋について、各筋の形態ならびに、骨への付着（起始・停止）部位、支配神経、栄養血管等を総合的に理解します。また骨盤の運動に対する各筋の相互関係や自由下肢の運動に対する各筋の相互関係について理解を深めます。
第14回[神経学：末梢神経系1]
末梢神経系のうち脊髄神経について学びます。体性神経系（狭義の脊髄神経）においては髄節の高さから末梢に至るまでの径路の概要を、運動器にかかわる神経を中心に学び、自律神経系においては、交感神経幹と体性神経系との形態学的な関係の理解に努めます。
第15回[神経学：末梢神経系2]
末梢神経系のうち脳神経について、形態学的特徴と機能の相互関係を理解に努めます。また、脳神経に含まれる自律神経の機能（副交感性）と脊髄神経に含まれる自律神経機能（交感・副交感性）の総括も行います。またリハビリテーション医学と運動器の神経障害との関わりについて考察を加えます。　　　　　　　　　　　　　　　　　　　　　　　　　　　　　　　　　　　　　　　　　　　　　　　　　　　　　　　　　　　　授業計画は、受講者の要望、他の受講科目との関連性を考慮して、内容や順序を変更する場合があります。変更が生じた場合は授業時にお伝えします。 "
172311102,人体の構造Ⅱ,後期　火曜日　4時限,展　広智,１年次 ,必修 ,2 ,健康ﾒﾃﾞｨｶﾙ学部　理学療法学科　2012年-2019年入学生 ,"授業のねらい：人体の正常な構造について，神経学および内蔵学を中心にミクロ（細胞・組織）からマクロ（器官・器官系・個体）レベルまでの基本知識の習得に努め、人体の成り立ちについて系統的に学習します。また基礎および臨床系科目の総合理解に役立てることを目的として学習し、機能解剖学や臨床解剖学など、応用解剖学分野へ至る道筋を学びます。
到達目標：各単元に提示されるキーワード（器官名、器官内の構造物の名称）について細胞学、組織学レベルからその概要の説明ができ、最終的に正常な人体の構造を形態学的立場から説明できるようになることです。 ",中枢神経系と内臓諸器官（循環器系、呼吸系、消化器系、泌尿器系、生殖器系）や、内分泌系、感覚器系、リンパ（免疫）系の構造などについて必須知識を習得します。 ,基本的事項から臨床医療の基礎となる知識を習得するまでのレベルです。また高い問題解決能力を身につけ養うレベルの授業とします。人体の構造学は人体の機能学と密接な関連があります。また運動学、整形外科学、リハビリテーション学などの基礎知識もとして大変重要であります。 ,"解剖学ー標準理学療法・作業療法学基礎分野― 野村監修 医学書院
基礎から学ぶ 解剖学ノート 第2版 中島雅美著　医歯薬出版 ",①グレイ解剖学アトラス 原著第2版 電子書籍（日本語版）付　Richard L. Drakeら著／塩田 浩平ら訳、Elsevier ）②プロメテウス解剖学 コア アトラス第2版　監訳：坂井　建雄　訳：市村　浩一郎／澤井　直　医学書院③ネッター解剖学 セット版(電子書籍付)アトラス・別冊学習の手引き原書第6版、 F.H.Netter著/相磯貞和訳　南江堂 ,定期試験の成績８０％、授業内試験、、レポートなど２０％とし、総合して評価します。 ,"第1回.［オリエンテーション・神経学:総論］
1.授業の進め方、テキスト、参考書、自主教材の利用の仕方、レポート提出方法、授業中小テストについて説明を行います。
2.講義 ：神経系の区分、構成要素（神経細胞、神経膠細胞）、髄膜と脳室系、脳の発生について理解できるよう講義を行います。常に理学・作業療法と神経系障害との関わりを念頭に置いて学習します。
第2回[神経学：中枢神経系1]
中枢神経系（脳幹、脊髄）について、その外形と内部構造を組織形態学的に学びます。また機能と絡めて考察できるように学習します。
第3回[神経学：中枢神経系2]
中枢神経系（小脳、大脳）について、その外形と内部構造を組織形態学的に学びます。また機能と絡めて考察できるように学習します。
第4回[神経学：伝導路1]
感覚路（上行性伝導路）について感覚器受容器から知覚されるまでの経路を学びます。合わせて関連する脳神経、脊髄神経、感覚器の構造と機能も学びます。
第5回[神経学：伝導路2]
運動路（下行性伝導路）について、大脳皮質から効果器に至る径路の組織形態学的特徴について講義をします。すでに学んだ組織学の知識が復習対象になります。関連する脳神経、脊髄神経に関しても同時に学びます。
第6回[感覚器系]
外皮、視覚器、平衡聴覚器、味覚器、嗅覚器について組織形態学的ならびに肉眼解剖学的に学びます。また神経系との関わりも念頭において学習を行います。
第7回[循環器系1]
血管系の構成要素と管壁の組織構造を学び、心臓の心室や心房、弁、腱索、乳頭筋、中隔などの構造について学びます。心臓内での血液の流れを理解するとともに、体循環と肺循環の概念を理解し胎生期の循環系学の特徴を理解します。
第8回[循環器系2]
リンパ管系（リンパ管、リンパ本幹、毛細リンパ管、リンパ節）とリンパ性器官（脾臓、胸腺、扁桃、リンパ小節）について学びます。また体液（血液、組織液、リンパ液）の流れを理解し、循環器系と臨床（免疫）とのかかわりについても学びます。
第9回[内臓学：総論＆消化器系1]
内臓諸器官の一般的構造を組織学的および肉眼解剖学的に学びます。各論では、消化器系の口腔から肛門までの消化管壁の構造について学び、消化管各部の構造学的特徴と消化吸収機能とのかかわりが理解できるように学びます。
第10回[内臓学：消化器系２]
消化腺、腹膜について組織学的および肉眼解剖学的に学びます。また消化管各部や消化吸収活動とのかかわりが理解できるよう努めます。臨床とのかかわりでは、嚥下のしくみについても理解を深められるように学習します。
第11回[内臓学・呼吸器系］
気道と肺の構造や形態について組織学的および肉眼解剖学的に学びます。また、喉頭では発声にかかわる喉頭筋の作用について学び、胸膜と縦隔の構造についても学びます。臨床とのかかわりでは呼吸機能の低下要因とその対策について考察します。
第12回[内臓学：泌尿器系]
腎臓と尿路について組織学的および肉眼解剖学的に学びます。腎臓では尿生成にかかわる組織構造や尿路における男女の違いを理解し、排尿の仕組みについて学びます。臨床とのかかわりでは腎不全と心不全の機能的な関係についても理解を深めます。
第13回[内蔵学：生殖器系]
男性生殖器と女性生殖器について組織学的および肉眼解剖学的に学びます。精巣においては精子形成、卵巣においては卵子形成に関わる内容について学びます。
第14回[内臓学：内分泌系]
ホルモンと標的器官の関係を理解するとともに、各内分泌腺の組織学的および肉眼解剖学的構造について学びます。また分泌されるホルモンとその作用についても学び、生理学の知識との相互理解に努めます。
第15回[人体の構造Ⅰ、Ⅱ総まとめ]
授業計画は、受講者の要望、他の受講科目との関連性を考慮して、内容や順序を変更する場合があります。変更が生じた場合は授業時にお伝えします。 "
116741101,企業と倫理,後期　金曜日　4時限,久保　俊彦,１年次 ,選択 ,2 ,健康ﾒﾃﾞｨｶﾙ学部　理学療法学科　2012年-2019年入学生 ,"ねらい：「企業倫理とは何か」について個々の事例を検討しながら、「企業
倫理」に対する捉え方を整理していく。そのプロセスを通じて
「企業倫理」に対する自らの視点を養う。

到達目標：「企業倫理」に対する自らの視点を持つ。 ",今日、「企業倫理」という言葉が日本では多く使われている。しかしながら、「企業倫理」という言葉は、使う人によってその内容が異なることが少なくない。この授業では「企業倫理とは何か」について、個々の事例を検討しながら、「企業倫理」に対する捉え方を整理していく。そのプロセスを通じて「企業倫理」に対する自らの視点を養う。 ,"社会的な事象に対する関心をもっていることが望まれる。

関連科目：倫理に関する各学科の専門科目。 ",使用しません。適宜、資料を配布する。 ,出見世信之『企業倫理入門』同文館、2004年。 ,期末試験（50％）および授業ごとに設定するテーマについての質疑、意見の表明等、授業への貢献度（50%）により、評価を決定する。 ,"第1回　なぜ企業の「不祥事」は起きるのか。
授業の進め方・受け方、授業の概要を説明。企業「不祥事」が
発生する理由について考える。
事前学習：シラバスでわからない事柄を明確にしておくこと。
事後学習：興味を持った事柄について本、雑誌、新聞記事、ネット
情報等を活用して、理解を深めるように。

第2回　「企業」と「倫理」は両立するか。
テーマについて事前に提示する事例を踏まえて、検討していく。
事前学習：授業テーマについて検討したうえで授業に臨むこと。
事後学習：興味を持った事柄について本、雑誌、新聞記事、ネット
情報等を活用して、理解を深めるように。

第3回　倫理的な行動とは法令を遵守することか。
テーマについて事前に提示する事例を踏まえて、検討していく。
事前学習：授業テーマについて検討したうえで授業に臨むように。
事後学習：興味を持った事柄について本、雑誌、新聞記事、ネット
情報等を活用して、理解を深めるように。

第4回　企業と社会の関係は不変的なものか。
テーマについて事前に提示する事例を踏まえて、検討していく。
事前学習：授業テーマについて検討したうえで授業に臨むこと。
事後学習：興味を持った事柄について本、雑誌、新聞記事、ネット
情報等を活用して、理解を深めるように。

第5回　倫理的な企業は利益をあげない企業か。
テーマについて事前に提示する事例を踏まえて、検討していく。
事前学習：授業テーマについて検討したうえで授業に臨むように。
事後学習：興味を持った事柄について本、雑誌、新聞記事、ネット
情報等を活用して、理解を深めておくこと。

第6回　企業における企業倫理の取り組みにはどのようなものがあるか。
テーマについて事前に提示する事例を踏まえて、検討していく。
事前学習：授業テーマについて検討したうえで授業に臨むように。
事後学習：興味を持った事柄について本、雑誌、新聞記事、ネット
情報等を活用して、理解を深めること。

第7回　取引先から「役得」をもらってはいけないか。
テーマについて事前に提示する事例を踏まえて、検討していく。
事前学習：授業テーマについて検討したうえで授業に臨むように。
事後学習：興味を持った事柄について本、雑誌、新聞記事、ネット
情報等を活用して、理解を深めるように。

第8回　職場の「セクハラ」、「パワハラ」にどのように対処するか。
テーマについて事前に提示する事例を踏まえて、検討していく。
事前学習：授業テーマについて検討したうえで授業に臨むように。
事後学習：興味を持った事柄について本、雑誌、新聞記事、ネット
情報等を活用して、理解を深めること。

第9回　不正を見たら内部告発をすべきか。
テーマについて事前に提示する事例を踏まえて、検討していく。
事前学習：授業テーマについて検討したうえで授業に臨むように。
事後学習：興味を持った事柄について本、雑誌、新聞記事、ネット
情報等を活用して、理解を深めること。

第10回　「企業行動憲章」。
テーマについて事前に提示する事例を踏まえて、検討していく。
事前学習：授業テーマについて検討したうえで授業に臨むこと。
事後学習：興味を持った事柄について本、雑誌、新聞記事、ネット
情報等を活用して、理解を深めること。

第11回　企業における倫理教育。
テーマについて事前に提示する事例を踏まえて、検討していく。
事前学習：授業テーマについて検討したうえで授業に臨むこと。
事後学習：興味を持った事柄について本、雑誌、新聞記事、ネット
情報等を活用して、理解を深めること。

第12回　企業内倫理担当者の役割。
テーマについて事前に提示する事例を踏まえて、検討していく。
事前学習：授業テーマについて検討したうえで授業に臨むこと。
事後学習：興味を持った事柄について本、雑誌、新聞記事、ネット
情報等を活用して、理解を深めること。

第13回　社外取締役の役割。
テーマについて事前に提示する事例を踏まえて、検討していく。
事前学習：授業テーマについて検討したうえで授業に臨むこと。
事後学習：興味を持った事柄について本、雑誌、新聞記事、ネット
情報等を活用して、理解を深めること。

第14回　経営トップの責務。
テーマについて事前に提示する事例を踏まえて、検討していく。
事前学習：授業テーマについて検討したうえで授業に臨むこと。
事後学習：興味を持った事柄について本、雑誌、新聞記事、ネット
情報等を活用して、理解を深めること。

第15回　「企業倫理」とは何か。
テーマについて事前に提示する事例を踏まえて、検討していく。
事前学習：授業テーマについて検討したうえで授業に臨むこと。
事後学習：興味を持った事柄について本、雑誌、新聞記事、ネット
情報等を活用して、理解を深めること。

上記に提示した授業順序、授業内容等については、授業の進展具合により、
変更する可能性がある。 "
