170120101,法学,後期　木曜日　5時限,萩原　俊介,１年次 ,選択 ,講義 ,"将来医療従事者となる者に必要な法律の知識と考え方を身につけるようにする。特に医療に関する法律を中心に、現行の医療制度の内容や欠点、医療事故に関する裁判例を正確に理解し医療従事者としての仕事に生かせるようにする。
また、法律問題の解決のあり方を通じて、法的センス（リーガルマインド）を身につけること。 ","授業では広く「医療に関する法制度」をとりあげる。具体的には、①医療制度・医療従事者　②終末期医療③医療事故を柱として、医療従事者のための教科書をもとに講義を進めていく。
また　適宜テーマに関連したビデオ教材を視聴することにより法律問題に対する正確な理解を身につけられるようにしたい。 ","初めて法律を学ぶ人を対象とします。

人間社会と法　法学概論　　憲法 ","医事法入門　第４版　手嶋豊
有斐閣 ",「コ・メディカルのための医事法学概論」野崎和義著　ミネルヴア書房　　 ,"定期試験の結果で評価する(６０％)。
中間での小テストあるいはレポートを求めた場合(
６回、８回、１０回）それらを総合評価する（４０％） ","第1回　医療従事者が法を学ぶ意義・講義の説明



第2回　医療と法



第3回　患者の権利



第4回　医療従事者・医療制度



第5回　医療における刑法上の問題



第6回　安楽死・尊厳死（ビデオ鑑賞）



第7回　臓器移植・脳死



第8回　再生医療・生殖医療



第9回　医療における民法上の問題



第10回　医師の説明義務



第11回　医療過誤



第12回　医療訴訟



第13回　医療安全



第14回　薬事制度・薬物犯罪



第15回　総まとめ "
136113101,経営・経済法,後期　火曜日　4時限,小野　章,１年次 ,選択 ,講義 ,"企業の自由競争が保証されている資本主義経済の下、多くの企業が社会ルールに則って経済活動を行っているが、市場において公正な競争が阻害されることがないように市場が市場原理の下、公平に機能しているかを監督・チェック・是正する「独占禁止法」を中心とした「経済法」の創設経緯・必要性・基本を学んでもらい、経済法の全体像を把握して貰うと同時に、経営とは何かを学んで貰う。
また「消費者法」を通じて企業と社会（消費者）の公正な関係はどうあるべきか、企業の社会的責任とは何かを理解して貰う。
社会で活躍するのに必要な企業・企業経営・経済法・消費者法に関わる基礎知識が身に付く。 ",経済法の根幹を成す独占禁止法、特に主要な規制である「私的独占」、「不当な取引制限、カルテル・談合」、「不公正な取引」、「景表法」、「下請法」、「企業結合の規制」、政府による「規制・規制分野」、さらには最近整備強化されている「消費者法」などを中心にその成立の背景・過程、そして規制の内容等を違反事例を通して学ぶ、また企業とそのその存立基盤である社会との関係に付いても併せて学ぶ。 ,"経済法を中心に企業・経営に関する基礎知識をも幅広く学んでもらう基礎入門編である。難解な専門用語・経済用語・事例等の解説を通じて社会人として必要な基礎的な経済関連の知識の取得も併せて目指す、経営、経済法全般の基礎入門編である。
経済紙、ビジネス誌等の関連すると思われる記事を興味を持って読んでおくこと。 ","レジメを毎回配布する、また併せて関連新聞記事等を適宜配布しながら社会で起きている事例を参考に授業を進める。
講義中に必要に応じて必要な参考書、文献等を紹介する。 ","不要です、
新聞、経済誌等の最新関連記事等に目を通すように心がけること。 ",定期試験の成績６０～７０％、講義４～５回に一回の割合で行う理解度チェックの論述小テスト（授業内実施）３０～４０％、平常点（授業への取り組み姿勢）を加味して総合評価する。 ,"第1回「ガイダンス」授業の目標、内容、進め方、受け方、評価方法を説明する
「経済法とは」

第2回「企業とは、企業を経営するとは、企業倫理とは、企業の法令遵守とは」


第3回「企業と社会の関係は、企業の社会的責任とは、経済法が必要な理由とは」


第4回「独占禁止法とは、制定の目的・歴史的経緯とは」


第5回「不公正な取引、Ⅰ、Ⅱ（私的独占とは、不当な取引制限とは）」


第6回「不公正な取引、Ⅲ（不公正な取引方法とは、優越的地位の濫用とは）」


第7回「企業結合の規制とは、事業者団体の規制とは、課徴金制度とは」


第8回「下請法（下請代金支払遅延防止法）とは」


第9回「景品表示法（不当景品類及び不当表示防止法）とは」


第10回「独占禁止法と政府の規制・規制分野の関係は、知的財産権との関係は」


第11回「消費者法　Ⅰ、制定の目的、歴史的背景とは」


第12回「消費者法　Ⅱ、個人情報保護法、その他関連法令・制度とは」


第13回「国際取引における規制とは、外為法と貿易管理とは」


第14回「変わりゆく企業統治、企業の法令順守体制、監査体制とは」


第15回「まとめ」
講義全般でのキーワード・課題の理解度確認、振返り


＊授業の進捗状況によっては上記講義の内容・順序が変更となる可能性がある、 "
156105201,障害福祉,後期　木曜日　4時限,齋藤　知子,１年次 ,選択 ,講義 ,"＜授業のねらい＞
障害のある人の生活実態と、障害のある人を取り巻く社会情勢について理解する。そのために障害者基本法や障害者総合支援法などの法律を軸としながら、現在の障害者福祉制度への理解を深める。

＜到達目標＞
障害のある人が置かれている状況を理解し、よりよい社会のあり方について考察する力を身につける。 ",障害の概念や障害をもつ人の生活実態と、現在の障害者福祉制度を照らし合わせながら、障害をもつ人の実態を理解する。それらを学んだ上で、受講者一人ひとりがよりよい社会のあり方を考察する。出来る限り、理解しやすいように映像なども用いるので、自らも関心を深めること。 ,"＜レベル＞
障害福祉の基礎的な内容を中心とする。

＜関連科目＞
社会福祉、現代社会と福祉 ",講義時に紹介する。その他、レジュメについては、毎時間の授業で配布される資料を各自が保管、管理すること。 ,その都度、関連の参考文献などについて紹介する。 ,定期試験70%、リアクションペーパー30%（授業毎）とし、総合して評価する。 ,"【第1回】オリエンテーション
（授業の目的と内容、授業の進め方）

【第2回】障害観
（歴史的な「障害者」の見方）

【第3回】障害とは
（障害とは何か（ICIDHとICF））

【第4回】障害をもつ人の生活
（障害者の生活実態）

【第5回】ノーマライゼーション
（ノーマライゼーションの理念）

【第6回】障害者総合支援法
（障害者総合支援法の概要）

【第7回】障害者基本法　/　身体障害とは
（障害者基本法の概要／身体障害について・身体障害者関連法）

【第8回】身体障害とは
（身体障害について・身体障害者関連法）

【第9回】知的障害とは
（知的障害について・知的障害者関連法）

【第10回】精神障害とは
（精神障害について・精神障害者関連法）

【第11回】発達障害とは
（発達障害について・発達障害者関連法）

【第12回】障害児の教育
（障害児を取り巻く教育制度について）

【第13回】障害者に関するその他の法律
（雇用制度・虐待防止・差別禁止等）

【第14回】障害者に関するその他の法律
（成年後見制度・医療観察等）

【第15回】総括
（よりよい社会に向けて）
 "
137047101,異文化コミュニケーション,後期　火曜日　3時限,山下　晋司,１年次 ,選択 ,講義 ,異文化コミュニケーションについて、観光の視点から考える。主にインドネシア・バリの事例を通して、観光と文化、観光客（ゲスト）と観光客を受け入れる社会（ホスト）の関係などを検討する。これを通して、幅広い教養を身につけ、社会人として異文化コミュニケーション能力を持つことができるようにする。 ,受講者は講義テーマに関連したビデオを見、解説を聞き、キーワードを理解する。ディスカッションでは学んだことについて意見を述べ、リアクションカードを書き、提出する。提出されたリアクションカードに対しては授業中にコメントする。 ,教養科目レベル。先修科目、準備学習はとくに必要としない。 ,なし ,山下晋司『バリ　観光人類学のレッスン』（東京大学出版会、1999年） ,平常点（質疑応答・授業貢献度15％）、リアクションカード（３回15％）、試験（70％） ,"第1回　イントロダクション：授業の進め方



第2回　異文化コミュニケーションとしての観光



第3回　観光の誕生と展開



第4回　ディスカッション１（リアクションカード１提出）



第5回　バリ観光入門：クタ街歩き



第6回　つくられた楽園：W.シュピースと「伝統の創造」



第7回　文化観光という戦略：観光文化と観光芸能



第8回　世界遺産としての「バリの文化的景観」



第9回　バリ観光のなかの日本人：花嫁は神々の島をめざす



第10回　ディスカッション２ （リアクションカード２提出）



第11回　インドネシア・トラジャの死者祭宴



第12回　パプアニューギニア・セピック川流域のカンニバル・ツアーズ



第13回　外国人の日本観光



第14回　ディスカッション３（リアクションカード３提出）



第15回　まとめ "
136115101,心理学,前期　水曜日　4時限,川島　尊之,１年次 ,必修 ,講義 ,"意外に思うかもしれないが心理学は実に多くの問題に関係しています。例えばどのように私達は物を見ているのか，どんな出来事が印象に残るのか，なぜ判断に迷うのか，なぜ好かれる人と嫌われる人がいるのかなどです。心理学はこうした疑問に対して実証的な証拠に基づいた解答を与えています。本講義では，心理学を様々な専門分野に分けながら心理学の代表的な知見，理論について，歴史的な背景にふれながら紹介していきます。
心理学が包含する様々な問題意識と人間観について理解を深めることが重要です。そしてその多様性を踏まえながら，現実場面での人のこころについて，各自の理解を応用して考えることができるように学修することを目標とします。 ",心理学の中の諸分野，つまり感覚・知覚，学習・記憶，知能，動機づけ，感情，パーソナリティ，社会行動などの分野の知見と心理学の応用について，心理学成立の歴史的経緯と代表的な理論ともに，講義を通して紹介していきます。 ,心理学に関する前提知識を必要としません。心理学全体を概観する講義ですので，多くの心理学の講義に様々な度合いで関係しています。授業時間外に行なう予習・復習については，基本的に教科書を利用し，詳細について授業時間中にふれます。 ,テキストとして「心理学/第５版（鹿取・杉本・鳥居（編），東大出版会）」を指定します。心理学全般にわたり詳しく紹介されているので、参考書としても利用してください。 ,さらに自己学習等に役立つ参考書には「ヒルガードの心理学（アーネスト・Ｒ．ヒルガードら，ブレーン社）」や「心理学をつかむ（今井ら編），有斐閣」，「図説　現代心理学入門（藤岡・山上（共編），培風館）」があります。 ,基本的に，決められた回数のレポート提出と授業中に課す小テスト，小レポート，授業への関与の度合いから成績を評価します。 ,"【第１回】
授業の目的と内容、授業の進め方・受け方、レポートの書き方、成績評価の仕方などについてのガイダンスを行います。この講義全体への導入を行ないます。

【第２回】
人は周りから学び，その結果行動や能力が変化します。こうした「学習」と，その背景にある「条件づけ」について，特に「レスポンデント条件づけ」について学習します。
事前学習と事後学習：　manabaに提出される宿題に回答し，予習と振り返りを行います．

【第３回】
「条件づけ」について，特に「オペラント条件づけ」について学習します。
事前学習：　manabaに提出される宿題に回答します．
事後学習：　ミニレポートを回答しながら2種類の条件づけについて振り返りを行います．

【第４回】
あなたの人生で一番楽しかったことは何ですか？ 人に思い出をもたらし，自分を自分たらしめている「記憶」とはどのようなものかを見ていきます。
事前学習：　記憶に関してmanabaに提出される宿題に回答します．
事後学習：　ここまでの授業の内容について穴埋め形式のプリントを用いて振り返ります．

【第５回】
私たちが，自分の外の世界から情報を積極的に取り入れる過程である「感覚・知覚」について，特に「感覚」を重点的に解説します。
事前学習と事後学習：　感度の測定などに関してmanabaに提出される宿題に回答し，予習と振り返りを行います．

【第６回】
「感覚・知覚」について，特に「知覚」を重点的に解説します。
事前学習：知覚の機序や障害についてmanabaに提出される宿題に回答します．
事後学習：　ミニレポートを回答しながら振り返りを行います．

【第７回】
周囲の環境から情報を得る働きなど多くの知的能力は年齢とともに変化していきます。そうした「発達」の性質について学びます。
事前学習と事後学習：　manabaに提出される宿題に回答し，予習と振り返りを行います．

【第８回】
行動を起こす生理的・心理的欲求の基礎となる「動機づけ」を学びます。
事前学習と事後学習：　manabaに提出される宿題に回答し，予習と振り返りを行います．

【第９回】
喜怒哀楽を含む「感情」に対する心理学的な理解を学びます。
事前学習：　感情生起の理論に関してmanabaに提出される宿題に回答します．
事後学習：　ここまでの授業の内容について穴埋め形式のプリントを用いて振り返ります．

【第10回】
個人差を「パーソナリティ」の面から調べます。
事前学習と事後学習：　manabaに提出される宿題に回答し，予習と振り返りを行います．

【第11回】
人格とならび個人の違いをもたらす要因のひとつとして有名な「知能」について学びます。
事前学習と事後学習：知能測定の歴史や理論に関して，manabaに提出される宿題に回答し，予習と振り返りを行います．

【第12回】
人の行動は対人関係により大きく影響を受けます。集団の中での人のふるまいである「社会行動」について，「対人認知」，「同調行動」といった観点から考えます。
事前学習と事後学習：　manabaに提出される宿題に回答し，予習と振り返りを行います．

【第13回】
心理学の知見が社会においてどのように応用され生かされているかを概観します．例えば福祉，産業における心理学の役割などについてふれます。
事前学習：　manabaに提出される宿題に回答します．
事後学習：　ここまでの授業の内容について穴埋め形式のプリントを用いて振り返ります．

【第14回】
これまでに扱ってきたトピックを，心理学の歴史の中に位置づけながら，心理学の成り立ちについて学びます．
事後学習： 心理学の歴史における代表的な人物等に関して，manabaに提出される宿題に回答し，振り返りを行います．

【第15回】
これまでの内容にふれながら心理学が影響を受け，あるいは与えている関連分野と，そうした関連性を具体的に学びます。
事前学習： 教科書を読みmanabaに提出される宿題に回答します。 "
116741101,企業と倫理,後期　金曜日　4時限,久保　俊彦,１年次 ,選択 ,講義 ,"ねらい：「企業倫理とは何か」について個々の事例を検討しながら、「企業
倫理」に対する捉え方を整理していく。そのプロセスを通じて
「企業倫理」に対する自らの視点を養う。

到達目標：「企業倫理」に対する自らの視点を持つ。 ",今日、「企業倫理」という言葉が日本では多く使われている。しかしながら、「企業倫理」という言葉は、使う人によってその内容が異なることが少なくない。この授業では「企業倫理とは何か」について、個々の事例を検討しながら、「企業倫理」に対する捉え方を整理していく。そのプロセスを通じて「企業倫理」に対する自らの視点を養う。 ,"社会的な事象に対する関心をもっていることが望まれる。

関連科目：倫理に関する各学科の専門科目。 ",使用しません。適宜、資料を配布する。 ,出見世信之『企業倫理入門』同文館、2004年。 ,期末試験（50％）および授業ごとに設定するテーマについての質疑、意見の表明等、授業への貢献度（50%）により、評価を決定する。 ,"第1回　なぜ企業の「不祥事」は起きるのか。
授業の進め方・受け方、授業の概要を説明。企業「不祥事」が
発生する理由について考える。
事前学習：シラバスでわからない事柄を明確にしておくこと。
事後学習：興味を持った事柄について本、雑誌、新聞記事、ネット
情報等を活用して、理解を深めるように。

第2回　「企業」と「倫理」は両立するか。
テーマについて事前に提示する事例を踏まえて、検討していく。
事前学習：授業テーマについて検討したうえで授業に臨むこと。
事後学習：興味を持った事柄について本、雑誌、新聞記事、ネット
情報等を活用して、理解を深めるように。

第3回　倫理的な行動とは法令を遵守することか。
テーマについて事前に提示する事例を踏まえて、検討していく。
事前学習：授業テーマについて検討したうえで授業に臨むように。
事後学習：興味を持った事柄について本、雑誌、新聞記事、ネット
情報等を活用して、理解を深めるように。

第4回　企業と社会の関係は不変的なものか。
テーマについて事前に提示する事例を踏まえて、検討していく。
事前学習：授業テーマについて検討したうえで授業に臨むこと。
事後学習：興味を持った事柄について本、雑誌、新聞記事、ネット
情報等を活用して、理解を深めるように。

第5回　倫理的な企業は利益をあげない企業か。
テーマについて事前に提示する事例を踏まえて、検討していく。
事前学習：授業テーマについて検討したうえで授業に臨むように。
事後学習：興味を持った事柄について本、雑誌、新聞記事、ネット
情報等を活用して、理解を深めておくこと。

第6回　企業における企業倫理の取り組みにはどのようなものがあるか。
テーマについて事前に提示する事例を踏まえて、検討していく。
事前学習：授業テーマについて検討したうえで授業に臨むように。
事後学習：興味を持った事柄について本、雑誌、新聞記事、ネット
情報等を活用して、理解を深めること。

第7回　取引先から「役得」をもらってはいけないか。
テーマについて事前に提示する事例を踏まえて、検討していく。
事前学習：授業テーマについて検討したうえで授業に臨むように。
事後学習：興味を持った事柄について本、雑誌、新聞記事、ネット
情報等を活用して、理解を深めるように。

第8回　職場の「セクハラ」、「パワハラ」にどのように対処するか。
テーマについて事前に提示する事例を踏まえて、検討していく。
事前学習：授業テーマについて検討したうえで授業に臨むように。
事後学習：興味を持った事柄について本、雑誌、新聞記事、ネット
情報等を活用して、理解を深めること。

第9回　不正を見たら内部告発をすべきか。
テーマについて事前に提示する事例を踏まえて、検討していく。
事前学習：授業テーマについて検討したうえで授業に臨むように。
事後学習：興味を持った事柄について本、雑誌、新聞記事、ネット
情報等を活用して、理解を深めること。

第10回　「企業行動憲章」。
テーマについて事前に提示する事例を踏まえて、検討していく。
事前学習：授業テーマについて検討したうえで授業に臨むこと。
事後学習：興味を持った事柄について本、雑誌、新聞記事、ネット
情報等を活用して、理解を深めること。

第11回　企業における倫理教育。
テーマについて事前に提示する事例を踏まえて、検討していく。
事前学習：授業テーマについて検討したうえで授業に臨むこと。
事後学習：興味を持った事柄について本、雑誌、新聞記事、ネット
情報等を活用して、理解を深めること。

第12回　企業内倫理担当者の役割。
テーマについて事前に提示する事例を踏まえて、検討していく。
事前学習：授業テーマについて検討したうえで授業に臨むこと。
事後学習：興味を持った事柄について本、雑誌、新聞記事、ネット
情報等を活用して、理解を深めること。

第13回　社外取締役の役割。
テーマについて事前に提示する事例を踏まえて、検討していく。
事前学習：授業テーマについて検討したうえで授業に臨むこと。
事後学習：興味を持った事柄について本、雑誌、新聞記事、ネット
情報等を活用して、理解を深めること。

第14回　経営トップの責務。
テーマについて事前に提示する事例を踏まえて、検討していく。
事前学習：授業テーマについて検討したうえで授業に臨むこと。
事後学習：興味を持った事柄について本、雑誌、新聞記事、ネット
情報等を活用して、理解を深めること。

第15回　「企業倫理」とは何か。
テーマについて事前に提示する事例を踏まえて、検討していく。
事前学習：授業テーマについて検討したうえで授業に臨むこと。
事後学習：興味を持った事柄について本、雑誌、新聞記事、ネット
情報等を活用して、理解を深めること。

上記に提示した授業順序、授業内容等については、授業の進展具合により、
変更する可能性がある。 "
190050701,生命倫理,前期　火曜日　4時限,田中　伸一郎,１年次 ,選択 ,講義 ,この授業では、医療の進歩が抱えているさまざまな問題を取り上げながら、生命倫理学および死生学の理論と実践についての基礎から応用までの知識の習得をめざす。 ,"生命倫理学の概要を理解した上で、ヒトはどのように生まれるのか（不妊治療、人工妊娠中絶）、ヒトはどのように死ぬのか（死の三徴候、脳死、安楽死と尊厳死）などの話題について倫理的側面から考える。
また、世界各国で対策が行われている自殺問題、事故・災害などによる突然の死別、グリーフケアなどの最新の話題についても倫理的側面から考える。 ","＜やや難レベル＞
生命倫理の基礎から応用までの内容を扱う。一般教養科目であるが、内容はやや難レベルである。講義形式で行う。 ",講義プリントを毎回、必要に応じて資料を配布する ,"推薦図書：
小林亜津子『はじめて学ぶ生命倫理：「いのち」は誰が決めるのか』（ちくまプリマー新書） ","定期試験（50％）、課題レポート（40％）、授業態度（10％）などを総合して評価する
※毎回の授業で質問などに対して、リアクションペーパーをやり取りして、適宜フィードバックを行う。 ","第１回　生命倫理とは何か？

第２回　生と死を考える生命倫理学（１）

第３回　生と死を考える生命倫理学（２）

第４回　不妊治療と着床前診断

第５回　人工妊娠中絶と出生前診断

第６回　遺伝子医療をめぐって

第７回　再生医療と新たな展開

第８回　終末期医療とスピリチュアル・ケア

第９回　死の三徴候と持続的植物状態と脳死

第１０回　安楽死と尊厳死

第１１回　自傷行為と自殺
～自己破壊的行動

第１２回　埋葬と葬送儀礼

第１３回　突然の死別
～事故と災害を中心に

第１４回　グリーフケア

第１５回　まとめ
～生と死に向き合う死生学 "
146237101,人体の構造と機能及び疾病/医学一般,前期　月曜日　2時限,和泉　孝志,１年次 ,選択 ,講義 ,一般的な医学の入門講座です。将来医療に関連する職種を目指す学生、あるいは教養的知識としての修得を目指す学生を対象として、医学の基礎知識を修得することを目標とします。心身機能と身体構造及び、様々な疾病や障害、さらに、がん、難病等の心理に関する支援が必要な主な疾病について学びます。部分的にはかなり専門的な内容となることもありますが、将来の仕事に必要となり、あるいは教養として役立つ知識を得ることのできる授業です。 ,医学一般について、教科書に沿っての学習となります。医学一般には膨大な範囲の内容がありますので、教科書をまんべんなく学ぶのではなく、人体の構造と機能、重要な疾患についての理解を深めることを中心とした授業を行います。たとえ授業内容が難しくとも、内容を理解しようとする努力が重要です。 ,生物学の基礎知識や医学・医療関連の専門用語の知識があると、授業の理解に役立ちます。 ,≪系統看護学講座 別巻≫医学概論(第8版) 著：日野原　重明 ,参考書は指定しません。必要なら本学図書館の蔵書を使用して、調べてください。 ,定期試験の成績60%、授業内試験（小テストを4回実施予定）40％とし、総合して評価します。 ,"講義形式
第1回
イントロダクションとオリエンテーション
第1章医学をどのようにとらえるか1
第2回
第1章　医学をどのようにとらえるか2
第3回
第2章　医学の発達のすがた－医学史
第4回
第3章　健康・病気・医学の体系1
第5回
第3章　健康・病気・医学の体系2
第6回
第4章　病気の原因
第7回
第5章　病気による身体の変化1
第8回
第5章　病気による身体の変化2
第9回
第6章　病気の診断
第10回
第7章　病気の治療とリハビリテーション
第11回
第8章　病気の予防
第12回
第9章　新しい医療システム
第13回
第10章　医学および看護の生命へのアプローチ
第14回
健康教育と衛生統計
第15回
まとめ
＊授業計画は、内容や順序を変更する場合があります。変更が生じた場合は授業時にお伝えします。 "
156406102,心理学統計法/統計基礎,後期　金曜日　3時限,川島　尊之,１年次 ,必修 ,講義 ,本講義のねらいは、心理学で用いられる統計手法と統計に関する基礎的な知識について理解できるようになることです。具体的にはデータの理解を深めるために用いられる変数の要約方法とその注意点についての知識、推測統計の基本的な考え方を修得することを目標とします。こうした考え方は心理学の基礎を形成していること，エビデンスベースドメディスンをはじめとする様々な場面で多く共通して採用されていることを知り，ある程度実感できるようになることも目標の一つです。 ,主に以下の3点について学びます。第一に比較的多数のデータの分析について度数の分析や代表値と散布度の利用など、1種類の変数の特徴を把握し要約する作業について学びます。第二に主に2種類の変数間の関係の分析について相関と連関を通して学習します。第三に比較的少数のデータを利用して母集団に関して推定を行なう推測統計について標本分布など基本的な知識と、統計的仮説検定と区間推定の基本的な考え方を学びます。 ,講義中には実習に費やす十分な時間がないため，授業の内容を演習し身に付けるために，各受講者は教室外の時間を用いてほしい．この際コンピュータの利用が望ましいが，その具体的な方法については各回の授業で触れる． ,山田剛史・村井潤一郎（2004）「よくわかる心理統計」（ミネルヴァ書房）をテキストとする． ,授業中の該当箇所において紹介する。 ,学期末の筆記試験の得点と平常点（これは授業への関与の度合いなどから評価される）の合計点から総合的に成績を評価する． ,"1. 受講のガイダンス
受講時の諸注意，特に事前学習，事後学習の仕方などについて学びます。

2. 統計を利用する研究法についての概説
なぜ心理学で統計学を用いているかなどについて学びます。
事後学習：記述統計と推測統計の違いと，推測統計の応用範囲を確認します。

3. 度数の分析と図示
もっとも基本的な分析の1つである度数の分析について学びます．
事後学習：度数分布表と度数分布図をスプレッドシートソフトウェアを使って作成します。

4. 代表値，散布度によるデータの要約
データの分布を要約する代表値，散布度について学びます。
事後学習：教室で行なう簡単なアンケートの結果に対して度数分布図を作成し，代表値，散布度を確認します。

5. 相関
2変数間の関係の分析について学びます。
事後学習：提供するデータについていわゆる相関係数を計算し，その意味を考えます。

6. 回帰，連関
主に2変数間の回帰分析について学びます。
事後学習：データについていわゆる回帰直線を計算し，描きます。

7. 正規分布と標準化
正規分布について学びます。さらに標準化がどのように利用されるかについて学びます。
事後学習：標準正規分布表を用いてパーセンタイル順位を計算する問題に回答します。

8. 確率分布
確率密度関数について学びます。
事後学習：パーソナルコンピューターを用いて確率分布について学びます。

9. 推測統計の導入
標本分布，区間推定など推測統計の基本的な知識について学びます．
事後学習：標本分布について理解を深めます。

10. 統計的仮説検定1：t検定
t検定などについて学びます．
事後学習：仮説検定の決まりごとに関する問題に回答します。

11. 統計的仮説検定2：分散分析
1要因の分散分析について学びます．
事後学習：仮説検定の性質に関する問題に回答します。

12. 統計的仮説検定3：2要因の分散分析，U検定
2要因の分散分析と，中央値の検定について学びます。
事後学習：仮説検定を行なう際の注意点に関する問題に回答します。

13. 多変量解析
多変量解析について紹介します。
事後学習：多変量解析について調べ，問題に回答します。

14. 統計の処理
パーソナルコンピューターを用いて統計を行うための知識を学習します。
事後学習：統計ソフトを利用して，問題に回答します。

15. 授業全体のまとめ "
136708101,生活と倫理,後期　月曜日　5時限,鵜木　惠子,１年次 ,選択 ,講義 ,"ひとは自分の行動について、何気なく善・悪や正・誤の判断を行い、それに従って行動したり、場合によっては軽視・反発することもあります。こうした道徳的・倫理的判断や基準について改めて見つめ直すことは、私たち人間の存在や生き方に関する根本的な問題を検討することでもあります。
本授業では、生活場面における身近なテーマについて倫理的な観点から検討することにより、現代における人と社会の問題について主体的に考えられることを目標としています。そのためには、受講生同士が同じ課題について互いに意見を述べ、話し合うことで自らの考えを深めていくという作業が必要です。グループでのコミュニケーション能力を高めることも当該授業の目的です。 ",本授業の前半では、私たちが日常当たり前と思っている「努力」「信頼関係」「コミュニケーション」などについて改めて問い直していくことで、倫理的な視点を養います。後半では、より社会的な問題、特に「人間と動物との関係」について取り上げます。「いのちは大切である」ということは幼少期から当たり前のように教えられてきたことですが、現代社会においては、ペットの飼育や肉食、化粧品開発や医療のための動物実験など、様々な動物との関わりが生じています。この点から倫理的諸問題を考えます。　テーマに沿った資料や視聴覚映像なども取り入れ、毎回グループワークをしながら、授業を進めていきます。 ,「生命倫理」、「医療とこころ」と関連します。 ,"「倫理のノート」倉本香ら著, 萌書房
＊授業中に書き込みをしますので、必ず各自購入してください。 ",伊勢田哲治著「動物からの倫理学入門」名古屋大学出版会 ,定期試験レポート40%と小レポート等の課題20%、授業に対する参加度40%を総合的に評価します ,"【第１回】オリエンテーション：倫理とは何か

【第２回】よい習慣とは？：カントの思考概念を学ぶ

【第３回】目標に向けて努力し続けるとは？：キルケゴールの思考概念を学ぶ

【第４回】互いに気遣う/助け合うとは？：ハイデガーの思考概念を学ぶ

【第５回】コミュニケーションとは？：デカルトの思考概念を学ぶ

【第６回】信頼関係を築くとは？：ルソーの思考概念を学ぶ

【第７回】社会の一員として責任を果たすとは？：ベンサムの思考概念を学ぶ

【第８回】社会の一員として責任を果たすとは？：ミルの思考概念を学ぶ

【第９回】主体的に生きるとは？

【第10回】主体的に生きるとは？：サルトルの思考概念を学ぶ

【第11回】前半のまとめ：小レポート課題の振り返りを行うことで、各テーマの理解を受講生相互に深める

【第12回】あなたは肉食？菜食主義？：ベンサムの功利主義の発展を学ぶ

【第13回】なぜ動物の殺処分はなくならないのか？：シンガーの「動物の権利」を学ぶ

【第14回】私たちは能力強化をどこまで求めるべき？（エンハンスメント）：サンデルの共同体主義を学ぶ

【第15回】授業のまとめ "
172323101,心理学基礎論/心理学概論,後期　水曜日　5時限,鵜木　惠子,１年次 ,選択 ,講義 ,"心理学は、人の活動すべてに関わっている学問です。心理学の成り立ちと、人の心の基本的な仕組み及び、働きについて学びます。どのように私たちはものを見て、記憶し、考え、判断するのか、人とどのようにつき合っているのかなど、そのメカニズムについて理解していきます。
なお，この授業は前期「心理学」の内容を発展させたものです。 ",知覚、学習・記憶、思考、言語など基礎心理学を中心に学び、心理学の応用についても取り上げます。 ,心理学に関する前提知識を必要としませんが，「心理学」を履修していることが望ましい。「心理学基礎実習」「学習心理学」「認知心理学」に関連します。 ,"「心理学　第5版」鹿取廣人ら編, 東京大学出版会 ","「心理学」無藤隆ら著,有斐閣 ",定期試験60%、確認テスト20%、授業での参加態度や発言、コメント20%を総合的に評価します ,"【第１回】ガイダンス
授業の目的と内容、授業の進め方・受け方、成績評価の仕方などについて学びます
また、学習に関して条件づけを中心に取り上げます

【第2回】学習
条件づけの続きと技能学習や社会的学習について学びます

【第3回】感覚とは
感覚の種類と閾について学習します

【第4回】感覚：ものを「見る」
視覚のメカニズムについて理解します

【第5回】知覚
知覚の適応性や奥行き知覚、形の知覚、運動の知覚について学びます

【第6回】ここまでのまとめと確認テスト
授業の振り返りをした上で確認テストを実施します。その後に答え合わせと解説をし
ます。

【第7回】注意
注意機能の特性について理解します

【第8回】表象
イメージはどのように保持されているかを学習します

【第9回】記憶
短期記憶及びワーキングメモリについて学びます

【第10回】記憶
長期記憶について学習します

【第11回】思考
考えるメカニズムについて理解します

【第12回】問題解決
問題に対する様々なアプローチについて学びます

【第13回】言語
文章理解や言語による表現について学習します
．

【第14回】動機づけ
やる気はどのようにして生まれるのかを学びます


【第15回】全体のまとめ "
172324101,臨床心理学入門Ⅰ/臨床心理学概論Ⅰ,前期　木曜日　2時限,鈴木　明美,１年次 ,必修 ,講義 ,臨床心理学は、様々な不適応行動を示していると思われる人々に対して、問題の理解と改善をはかるための適切な援助を行う心理学の一分野です。本授業では、臨床心理学の成り立ち、主要な領域などの代表的な理論や、様々な援助の対象、心理アセスメント、心理療法についての基礎的な知識を学び、人間の成長と発達に対する理解を深めることをねらいとします。本授業は臨床心理学の入門であり、この授業で臨床心理学の基礎的・基本的な知識を身につけ、これらの知識を実践的な場面に的確に応用するための準備ができることを到達目標とします。 ,臨床心理学における基本的な理論や技法を知り、臨床心理学の視点を学びます。臨床心理学の成り立ち、理念や歴史、心理アセスメント（面接、心理検査、発達臨床的視点など）、幼児期から児童期、青年期、中年期、老年期における心理的問題について、理解を深めていきます。 ,"レベル：授業内容のレベルは臨床心理学の初学者を対象としますが、心理学の基礎的知識を学んでいることが望ましいです。

関連科目：心理学、精神医学、発達心理学 ",「よくわかる臨床心理学」（改訂新版）　下山晴彦編　ミネルヴァ書房 ,"参考書：「面白いほどよくわかる臨床心理学」下山晴彦著　西東社

その他の教材：授業中に適宜、配布します。 ",平常点（毎回の授業で提出する小レポートの評価を含む）５０％、定期試験５０％として、総合的に評価します。 ,"【第1回】　オリエンテーション　授業の進め方など
授業のねらい、内容、進め方について説明を行う。
事前学習：テキストpp．2-5を読んでおくこと。
事後学習：授業についての振り返りを行うこと。

【第2回】　臨床心理学の基本的概念
臨床心理学の全体的な構造や基本理念、実践活動について学ぶ。
事前学習：テキストpp．6-17を読んでおくこと。
事後学習：授業についての振り返りを行うこと。

【第3回】　アセスメント①　面接法・観察法
問題を理解するためのアセスメントについて、面接法・観察法を体験的に学ぶ。
事前学習：テキストpp．40-49を読んでおくこと。
事後学習：授業についての振り返りを行うこと。

【第4回】　アセスメント②　質問紙法・投影法
質問紙法・投影法について、体験を通して理解を深める。
事前学習：テキストpp．50-53を読んでおくこと。
事後学習：授業についての振り返りを行うこと。

【第5回】　アセスメント③　知能検査・神経心理学的検査
知能検査・神経心理学的検査について、具体的なデータをもとに理解を深める。
事前学習：テキストpp．54-59を読んでおくこと。
事後学習：授業についての振り返りを行うこと。

【第6回】　異常心理学①　精神症状の分類：ＤＳＭ－５を中心に
心理機能の障害としての精神症状とケースフォーミュレーションについて学ぶ。
事前学習：テキストpp．68-73を読んでおくこと。
事後学習：授業についての振り返りを行うこと。

【第7回】　異常心理学②　不安障害
不安障害のアセスメントと心理的援助について学ぶ。
事前学習：テキストpp．78-81を読んでおくこと。
事後学習：授業についての振り返りを行うこと。

【第8回】　異常心理学③　身体症状症・解離性障害
身体症状症・解離性障害のアセスメントと心理的援助について学ぶ。
事前学習：テキストpp．82-83を読んでおくこと。
事後学習：授業についての振り返りを行うこと。

【第9回】　異常心理学④　摂食障害・性障害
摂食障害・性障害のアセスメントと心理的援助について学ぶ。
事前学習：テキストpp．84-87を読んでおくこと。
事後学習：授業についての振り返りを行うこと。

【第10回】　異常心理学⑤　パーソナリティ障害
パーソナリティ障害のアセスメントと心理的援助について学ぶ。
事前学習：テキストpp．88-91を読んでおくこと。
事後学習：授業についての振り返りを行うこと。

【第11回】　異常心理学⑥　気分障害・統合失調症
気分障害・統合失調症のアセスメントと心理的援助について学ぶ。
事前学習：テキストpp．92-95を読んでおくこと。
事後学習：授業についての振り返りを行うこと。

【第12回】　発達臨床心理学①　乳幼児期の心理的問題
乳幼児期の心理的問題とその対応について学ぶ。
事前学習：テキストpp．96-101を読んでおくこと。
事後学習：授業についての振り返りを行うこと。

【第13回】　発達臨床心理学②　児童期・思春期の心理的問題
児童期・思春期の心理的問題とその対応について学ぶ。
事前学習：テキストpp．102-105を読んでおくこと。
事後学習：授業についての振り返りを行うこと。

【第14回】　発達臨床心理学③　青年期・中年期・老年期の心理的問題
青年期・中年期・老年期の心理的問題とその対応について学ぶ。
事前学習：テキストpp．106-115を読んでおくこと。
事後学習：授業についての振り返りを行うこと。

【第15回】　まとめ　家族の病理
家族をとりまく心理的問題を取り上げ、これまでの授業の全体的なまとめを行う。
事前学習：テキストpp．116-119を読んでおくこと。
事後学習：授業についての振り返りを行うこと。 "
172325101,臨床心理学入門Ⅱ/臨床心理学概論Ⅱ,後期　木曜日　4時限,鈴木　明美,１年次 ,必修 ,講義 ,臨床心理学は、病気や不幸な出来事などによって引き起こされる心理的苦悩を軽減させるために心理援助を行い、それを通して問題の解決や改善を目指す学問です。現代社会のニーズに対応していくために、心理的問題の解決に向けて実践に活かせるような知識を学ぶことが本授業のねらいです。本授業は臨床心理学の入門であり、この授業で成り立ちと代表的な理論を学び、臨床心理学の基礎的・基本的な知識を身につけ、これらの知識を実践的な場面に的確に応用するための準備ができることを目標とします。 ,臨床心理学の概論・総論です。心理アセスメント（面接、心理検査、行動観察など）、心理療法（精神分析、行動療法、クライエント中心療法など）、コミュニティモデル（危機介入、スクールカウンセリングなど）等について、具体的な事例を紹介しながら、さまざまな角度から検討していきます。 ,"レベル：前期の「臨床心理学入門Ⅰ」と合わせて、臨床心理学の基礎的な知識を学びます。心理学の基礎的な知識が必要です。

関連科目：心理学、精神医学、臨床心理学入門Ⅰ ",「よくわかる臨床心理学」（改訂新版）下山晴彦編　ミネルヴァ書房　 ,"参考書：「面白いほどよくわかる臨床心理学」　下山晴彦著　西東社

その他の教材：授業中に適宜、配布します。 ",平常点（毎回の授業で提出する小レポートの評価を含む）５０％、定期試験５０％として、総合的に評価します。 ,"【第1回】　オリエンテーション
「臨床心理学入門Ⅰ」の復習をし、「臨床心理学入門Ⅱ」の授業の内容と進め方について説明を行う。
事前学習：前期の配布資料を復習しておくこと。
事後学習：授業についての振り返りを行うこと。

【第2回】　臨床心理学的介入①　クライエント中心療法
クライエント中心療法の歴史と理論について学ぶ。
事前学習：テキストpp.142-145を読んでおくこと。
事後学習：授業についての振り返りを行うこと。

【第3回】　臨床心理学的介入②　精神分析・分析心理学
フロイトの精神分析とユングの分析心理学を学び、その違いについて理解を深める。
事前学習：テキストpp.146-153を読んでおくこと。
事後学習：授業についての振り返りを行うこと。

【第4回】　臨床心理学的介入③　行動療法・認知行動療法
行動療法の背景にある学習理論を紹介し、行動療法・認知行動療法の諸技法を学ぶ。
事前学習：テキストpp.154-161を読んでおくこと。
事後学習：授業についての振り返りを行うこと。

【第5回】　臨床心理学的介入④　家族療法・ブリーフセラピー
家族療法の歴史と理論、家族療法の諸技法を体験的に学ぶ。
事前学習：テキストpp.162-165を読んでおくこと。
事後学習：授業についての振り返りを行うこと。

【第6回】　臨床心理学的介入⑤　森田療法・内観療法
日本独自の心理療法について、代表的な森田療法・内観療法を中心に学ぶ。
事前学習：テキストpp．174-177を読んでおくこと。
事後学習：授業についての振り返りを行うこと。

【第7回】　臨床心理学的介入⑥　遊戯療法・箱庭療法
子どもへの心理療法として、遊戯療法・箱庭療法を学ぶ。
事前学習：テキストpp．178-181を読んでおくこと。
事後学習：授業についての振り返りを行うこと。

【第8回】　臨床心理学的介入⑦　自律訓練法・フォーカシング
自律訓練法やフォーカシングを体験を通して実践的に学ぶ。
事前学習：テキストpp.184-187を読んでおくこと。
事後学習：授業についての振り返りを行うこと。

【第9回】　臨床心理学的介入⑧　アサーション・トレーニング
言語表現が苦手な人のためのスキルアップのプログラムを体験的に学ぶ。
事前学習：テキストpp.196-199を読んでおくこと。
事後学習：授業についての振り返りを行うこと。

【第10回】　介入の実際について①　スクールカウンセリング
スクールカウンセラーの歴史と実際の仕事、今後の展望について学ぶ。
事前学習：テキストpp.208-211を読んでおくこと。
事後学習：授業についての振り返りを行うこと。

【第11回】　介入の実際について②　発達障害と特別支援教育
発達障害を抱える子どもたちの問題を理解し、学校現場での特別支援教育を中心に、その対応方法を学ぶ。
事前学習：テキストpp.122-127,212-213を読んでおくこと。
事後学習：授業についての振り返りを行うこと。

【第12回】　介入の実際について③　教育相談・学生相談
不登校支援を例にとり、教育相談における心理的支援について学ぶ。
事前学習：テキストpp.214-217を読んでおくこと。
事後学習：授業についての振り返りを行うこと。

【第13回】　介入の実際について④　トラウマへの支援と危機介入
自然災害や被害者支援におけるトラウマについての理解を深め、その介入方法について学ぶ。
事前学習：テキストpp.220-221,218-219を読んでおくこと。
事後学習：授業についての振り返りを行うこと。

【第14回】　介入の実際について⑤　デイケア・ターミナルケア
精神科医療におけるデイケアや終末期医療を学び、チームアプローチや多職種連携についての理解を深める。
事前学習：テキストpp.224-227を読んでおくこと。
事後学習：授業についての振り返りを行うこと。

【第15回】　治療効果研究とエビデンス
さまざまな心の問題に対する心理的支援の治療効果研究やエビデンスについて学ぶ。
事前学習：これまで配布した資料を復習しておくこと。
事後学習：授業についての振り返りを行うこと。 "
190058201,データ解析,後期　水曜日　4時限,"川島　尊之
荘島　幸子",３年次 ,選択 ,演習 ,心理学では行動と意識について，人間からあつめた情報をもとに理解しようとします。人間の心理に関わる情報の解析（データ解析）にはどのようにデータを入手するか，そしてどのようにデータを生かしつつ結論をまとめるかという互いに密接に関わる複数の問題が存在します。これらの問題には情報機器を活用して対処することが広く見られます。この授業では知覚実験などを題材として，コンピュータを利用しながらこれらの問題を解決する過程を実習します。コンピュータを利用することで，自分自身をより厳密な研究参加者にすることが容易になりますので受講生には心理学の理解をより深めることを期待します。 ,この授業では知覚，記憶などについて実験を行ない，そこで得られた結果を実験報告書としてまとめるという作業の各段階について，パーソナルコンピュータを利用して行う方法を実習します。授業を通して例えば，参加者の反応をコンピュータを利用して比較的精確に収集する方法，インタビューを通して人の経験を掬い取り，質的に分析する方法，視覚表現を適切に利用して内容が伝わりやすい実験レポートを作成する方法などを学びます。心理学の実験レポートに加え，各回の実習内容についてリフレクションシートを作成し，提出する必要があります。 ,コンピュータ演習Iと心理学基礎実習を履修済みであることが望まれます。授業時に課される予習，復習の課題を授業時間外に行い，提出する必要があります。 ,授業で資料を配布します。 ,"山田剛史・村井潤一郎（2004）「よくわかる心理統計」（ミネルヴァ書房）
川喜田二郎（1967）「発想法」（中公新書） ",実習では通常の授業以上に各回の授業の間で内容的な関連が強くなります。このため継続的に授業に関与することを重視します。実習内容に基づいて提出する実験レポートと，毎回提出するリフレクションシートは重要な成績評価の資料です。 ,"１．授業への導入，受講時の注意点など


第2回から第7回：選択的注意の実験的検討
3回目以降は、授業中に前回までの作業、宿題の達成状況について確認します。
2．選択的注意と両耳分離聴についての概説、実験の準備（ソフトウェアの確認等）
3．実験についてのグループディスカッション、ターゲット刺激の録音、編集
4. 独立変数、従属変数、実験計画についてのグループディスカッション、ディストラクタ刺激の録音、編集
5. 実験結果の分析手続きの確認、分析、グループによるレポート（グループレポート）の作成
6. グループレポートへの講評、追加実験、グループでのレポート修正
7. 追加実験の分析、個人ごとの最終レポートの作成


第8, 9 回 質的方法の実習
8．質的方法の実習（１）：インタビューガイドの作成
インタビュー法とは何か、インタビューの仕方
9．質的方法の実習（２）：「新入生の大学への適応」に関するインタビューの実施
（宿題：テープ起こし、一次データ：トランスクリプトの作成）


第10, 11, 12回　：ワーキングメモリ（リーディングスパン）の実験（作業記憶の特徴，測定上の注意などについて実習）
10．文章刺激の作成：良く利用される文章セットと連想価，親密度等に留意した刺激の選定など
11．文章刺激の提示と測定：コンピュータによる継時的な刺激の提示，文章の性質と記憶スパンとの関係
12．測定の続き，リーディングスパン測定実験のレポート執筆要領解説とレポート作成開始""


第13, 14, 15回 質的分析の実習
13．質的分析の実習（１）
テクストの加工①：一次データから二次データへ
テクストの加工②：二次データからカードへ
（宿題：資料「発想法」を読んでくる）
14．質的分析の実習（２）
KJ法実習：表札づくり
15．質的分析の実習（３）
KJ法実習：図解化
講義：レポートのまとめ方について "
136415101,心理学基礎実習,"通年・前期　火曜日　4時限
通年・前期　火曜日　5時限
通年・後期　火曜日　4時限
通年・後期　火曜日　5時限","川島　尊之
小保方　稔子
島津　直実
鈴木　明美
鈴木　信子
中村　玲子
松浦　正一",２年次 ,選択 ,実験・実習及び実技 ,心理学は人間の意識や行動に関する学問です。心理学の研究では、観察から得た資料や測定したデータを基にして，意識と行動について理解を深めることが主な目的となります。研究には、状況に直接手を加えることができない場合と直接手を加えて結果にどのような変化が起こるかを確かめられる場合とがあります。臨床的な症例報告や社会変化と個人の関係などを調べる場合は前者、条件を変えて錯覚現象の起こり方を調べるような場合は後者にあたります。後者のような方法を一般に実験的研究法と呼び、心理学実験では、観察条件を変えてみて結果にどのような変化が起こるかを調べ、操作と効果との関係からより厳密に心の働きをとらえていこうとします。授業は主として実験を中心に進められ、集団実験や，可能な範囲で少人数グループに分かれた個別実験を行います。 ,集団実験では同時に全員が同じ課題を与えられ、結果についてレポートを提出します。テーマにより受講者が実験の計画を立案することもあります。個別実験では与えられた課題について各グループ別に実験を行い、得られたデータがどのようなものであったか、そこから何が言えるか等について皆で討議し、各自結果をレポートにまとめて提出します。履修者には、あらかじめ指定された形式でレポートを書くこと、各課題についてレポートを必ず提出すること、この２点が求められます。したがって授業の最初はレポートの書き方、データの求め方、結果の整理の仕方について詳しく学びます。実験実習の授業では授業中の実験に参加しないとレポートの作成と提出ができませんので，単位の取得が困難になる場合があります。 ,心理学の様々な研究方法の基本的な側面を実体験する授業ですので，多くの心理学科目と関係し得ます。レポート作成の過程でコンピュータを利用することがあるため「コンピュータ演習I」を履修しておくことが望ましい。 ,特になし ,レポート作成にあたっては授業中に紹介する書籍を参考にしてください。 ,授業中の実習への参加とそれに対するレポート提出を成績評価の重要な指標とします。 ,"前期授業内容
１．実験レポートの書き方　１
２．意思決定アンケート：基本的な統計分析
３．パーソナルスペース
４．2群間の平均値の差の検定
５．触二点閾の測定
６．態度の類似度と好感度：相関と回帰
７．メンタル・ローテーション
８．嗜好と性差の検討
９．質問紙法によるデータの測定と分析
10．問題解決
11．第一印象の心理学
12．血液型性格関連説に対する信念と性差の検討
13．一対比較法：3つ以上の平均値の差の検定
14．短期記憶（言語学習と記憶法略）：カイ二乗検定
15．振り返りテスト，前期のまとめ

後期授業内容
１．グループ分け，後期への導入，前期提出課題のチェック
２．レポートの書き方　２
３．知覚と運動の協応（鏡像描写）　１　実験実施と概要
４．知覚と運動の協応（鏡像描写）　２　レポートについて
５．日常記憶
６．知能：ワーキングメモリ
７．ストレス反応と生理指標
８．身体感覚と認知
９．ストループ効果　１　　実験実施と概要
10. ストループ効果　２　レポートについて
11. 内田－クレペリン検査　１　実験実施と概要
12. 内田－クレペリン検査　２　レポートについて
13. ＳＤ法　１　実験実施と概要
14. ＳＤ法　２　レポートについて
15. これまでのまとめ，試験等 "
137303101,発達心理学,前期　木曜日　5時限,小保方　稔子,１年次 ,必修 ,講義 ,"発達とは、誕生（受精）から死に至るまでの連続的な変化と定義されます。
本講義では、人間の心身の発達の可能性をその生涯にわたる枠組みの中でとらえることをねらいとします。

認知機能の発達及び感情・社会性の発達、自己と他者の関係の在り方と心理的発達、誕生から死に至るまでの生涯における心身の発達及び、各発達段階での特徴、発達障害等非定型発達についての基礎的な知識及び考え方、高齢者の心理、社会的課題及び、必要な支援を中心として、各発達段階における特徴や課題を理解できるようになることを到達目標とします。
また、発達心理学を学ぶことで、各自の生涯発達を主体的に考える授業になることを目指します。 ","まず、我々が生きている現代社会の状況や価値観をふまえたうえで、依存と自立をキーワードに、認知機能や感情・社会性の発達、自己と他者との関係の在り方と心理的発達、誕生から死に至るまでの生涯における心身の発達、発達障害等非定型発達についての基礎知識及び考え方や、高齢者の心理を中心に理解できるように工夫しながら、人間の生涯にわたる心身の発達の可能性について学修を進めていきます。
各発達段階の様相を理解しやすいように、適宜、視聴覚教材をとり入れます。
基本的には講義形式ですが、できるだけグループでの作業やディスカッション、発表の時間を設け、主体的に学んでいきます。 ","専門的トピックにふれながら、発達心理学の基本的知識を修得することを目指します。

心理学、臨床心理学入門ⅠⅡ、と関連します。 ",（テキスト）無藤隆　他編　「よくわかる発達心理学」第２版ミネルヴァ書房　 ,"「よくわかる認知発達とその支援」第2班　ミネルヴァ書房
「発達心理学Ⅰ」「発達心理学Ⅱ」東京大学出版会 ",定期試験７０％、平常点（レポート等）３０％として総合的に評価します。 ,"【第１回】オリエンテーション
授業の目的と内容、授業のすすめ方についてのガイダンス
事後学習：事後学習課題に取り組んでください。

【第２回】発達心理学の枠組み
現代社会における発達（死生観、生殖技術についてなど）
事前学習：テキストp182～201を読んでおいてください。
事後学習：テキストを再読し、事後学習課題に取り組んでください。

【第３回】依存と自立
発達における依存と自立の関係
自己と他者の関係の在り方と心理的発達
事前学習：依存と自立について考えておいてください。
事後学習：ノートを整理し、事後学習課題に取り組んでください。。


【第４回】胎児期～誕生
胎児の心身の発達
事前学習：テキストp2～9を読んでおいてください。
事後学習：テキストを再読し、事後学習課題に取り組んでください。

【第５回】新生児期
新生児の心身の発達とコンピテンス
事前学習：テキストp10～p21を読んでおいてください。
事後学習：テキストを再読し、事後学習課題に取り組んでください。

【第６回】乳児期～幼児期
乳児期から幼児期の心身の発達とアタッチメント
事前学習：テキストp22～27を読んでおいてください。
事後学習：テキストを再読し、事後学習課題に取り組んでください。

【第７回】幼児期
言葉と感情の発達
事前学習：テキストｐ28～39,p42～45を読んでおいてください。
事後学習：テキストを再読し、事後学習課題に取り組んでください。

【第８回】幼児期
遊びと社会性の発達
事前学習：テキストp40～41,46～61を読んでおいてください。
事後学習：テキストを再読し、事後学習課題に取り組んでください。

【第９回】幼児期
認知機能の発達
事前学習：テキストp62～81を読んでおいてください。
事後学習：テキストを再読し、事後学習課題に取り組んでください。

【第10回】児童期
児童期の心身の発達
事前学習：テキストp82～101を読んでおいてください。
事後学習：テキストを再読し、事後学習課題に取り組んでください。

【第11回】児童期の臨床的問題とその対応
発達障害等非定型発達についての基礎的な知識及び考え方
事前学習：テキストp162～165,168～171,184～185を読んでおいてください。
事後学習：テキストを再読し、事後学習課題に取り組んでください。

【第12回】青年期
青年期の心身の発達
事前学習：テキストp102～125を読んでおいてください。
事後学習：テキストを再読し、事後学習課題に取り組んでください。

【第13回】青年期の臨床的問題とその対応
事前学習：テキストp172～177を読んでおいてください。
事後学習：テキストを再読し、事後学習課題に取り組んでください。

【第14回】中年期
中年期の心身の発達と発達課題、及び、臨床的問題とその対応
事前学習：テキストp126～145,178～179を読んでおいてください。
事後学習：テキストを再読し、事後学習課題に取り組んでください。

【第15回】高齢期の心理
高齢期の心身の発達と社会的課題及び、必要な支援と死をめぐって
事前学習：テキストp146~161,180~181を読んでおいてください。
事後学習：テキストを再読し、事後学習課題に取り組んでください。


注）授業は、テキスト以外の内容にも触れる為、ノートをしっかりと作ってください。 "
156132101,健康・医療心理学Ⅰ/精神保健学Ⅰ,前期　金曜日　4時限,田中　伸一郎,１年次 ,選択 ,講義 ,この授業では、健康とは何か、医療の現場と臨床心理学、ストレスと心身の疾病との関係、心身症と生理心理学、、ストレスマネジメントと健康心理学、ライフサイクル論、パーソナリティとパーソナリティ障害、物質関連障害について学習し、医療現場における心理社会的課題及び、必要な支援について理解する。 ,健康・医療心理学の基礎についての幅広い知識の習得をめざす。 ,"＜基本レベル＞
心理学の基礎的な内容を扱う。講義形式で行う。 ",講義プリントを毎回、必要に応じて資料を配布する ,"参考図書：
丹野義彦・利島保『医療心理学を学ぶ人のために』（世界思想社） ","定期試験（50％）、課題レポート（40％）、授業態度（10％）などを総合して評価する。
※毎回の授業で質問などに対して、リアクションペーパーをやり取りして、適宜フィードバックを行う。 ","第１回　健康・医療心理学とは何か？

第２回　健康とは何か？（１）
～衛生学から保健学へ

第３回　健康とは何か？（２）
～病気と健康の関係

第４回　健康とは何か？（３）
～メンタルヘルス問題と予防

第５回　医療の現場と臨床心理学（１）
～精神科の場合

第６回　医療の現場と臨床心理学（２）
～精神科の場合

第７回　医療の現場と臨床心理学（３）
～心療内科の場合

第８回　心身症と生理心理学

第９回　ストレスマネジメントと健康心理学

第１０回　ライフサイクル論（１）
～乳児期から思春期・青年期まで

第１１回　ライフサイクル論（２）
～成人前期から老年期まで

第１２回　ライフサイクル論（３）
～反ライフサイクル論

第１３回　パーソナリティとパーソナリティ障害

第１４回　物質関連障害

第１５回　まとめ "
